id;year_published;ISBN;SISO;AVI;category_youth;EAN_wrong;ISSN_wrong;ZIZO;literarytype;SISO_libraries;title;type;category_music;language;keywords_youth;ISSN;author_type;series_title;publisher;age;keywords_local;category_adults;pages;keyword_adults;series_edition;ISBN_wrong;keywords_libraries;author_lastname;EAN;author_firstname;keyword_youth
2^1;[s.d.];90-235-0242-6;;;;;;;;;Gods dwazen;Boek;;Nederlands;;;auteur;;Zuid-Hollandsche Uitgeversmaatschappij;;;;261 p.;;;;;Ballinger;;W.A.;
2^1000007;2009;;;;;;;;;;Handel;CD;;Onbekend;;;componist;Tamerlano, HWV. 18. Ciel e terra armi di sdegno;Deutsche Grammophon;;;;;;;;;H‰ndel;28947780571;Georg Friedrich;
2^1000009;2008;9789029565714;;;;;;;fictie;;Het meesterstuk;Boek;;Nederlands;;;auteur;;De Arbeiderspers;;;;292 p.;Mozart, Wolfgang Amadeus (1756-1791) ; Don Giovanni;32ste dr., [geheel herz. ed.];;;Enquist;;Anna
2^1000012;2009;;;;;;;;;;Saxology;CD;;Onbekend;;;uitvoerder;;Steeple Chase;;;;;;;;;Bergonzi;716043165827;Jerry;
2^1000013;2008;9789023436447;;;;;;;fictie;;De procedure;Boek;;Nederlands;;;auteur;;De Bezige Bij;;;IdeeÎnliteratuur;301 p.;Schrijverschap;;;;Mulisch;;Harry;
2^1000014;2008;;;;;;;;;;100% swing;CD;;Onbekend;;;;;EMI;;;;;;;;;;5099924252522;;
2^1000015;2008;;;;;;;;;;100% smooth jazz;CD;;Onbekend;;;;;EMI;;;;;;;;;;5099924256124;;
2^1000018;2009;;;;;;;;;;Sonate op. 78;CD;;Onbekend;;;componist;Sonate voor piano, D. 894, op. 78 in G gr.;Harmonia mundi;;;;;;;;;Schubert;794881911226;Franz;
2^1000020;2008;;;;;;;;;;Postwar recordings 1944-1953;CD;;Onbekend;;;uitvoerder;;JSP;;;;;;;;;Reinhardt;788065905521;Django;
2^1000021;2009;;;;;;;;;;Figments and fragments;CD;;Onbekend;;;componist;;2L;;;;;;;;;Carter;7041888513223;Elliott;
2^1000022;2009;;;;;;;;;;Concerti con oboe;CD;;Onbekend;;;componist;Concerto voor hobo en strijkorkest, op. 7, nr. 3 in Bes gr.;Fuga Libera;;;;;;;;;Albinoni;5400439005549;Tomaso;
2^1000031;2002;9789030380177;;;;;;;fictie;;Bloedlink;Strip;;Nederlands;;;scenario van;;Casterman;;;Stripverhalen;56 p.;;;;;Matz;;Luc;
2^1000032;2008;9789025844349;;;Avonturenverhalen;;;;fictie;;Paniek in de Leeuwenkuil;Boek;;Nederlands;;;auteur;;Leopold;vanaf 7 jaar;;;116 p.;;;;;Van Loon;;Paul;Dierentuinen
2^1000034;2008;;;;;;;;;;Neffesh music;CD;;Onbekend;;;uitvoerder;;Great Winds;;;;;;;;;Seffer;3426300031198;Yochk;
2^1000035;2005;;;;;;;;;;East coasting;CD;;Onbekend;;;uitvoerder;;Bethlehem;;;;;;;;;Mingus;826663764529;Charles;
2^1000036;2009;9789048702114;;;Sprookjes;;;;fictie;;De wolf en de zeven geitjes;Boek;;Nederlands;;;auteur;;Zwijsen;vanaf 5 jaar;;;[36] p.;;;;;Letterie;;Martine;
2^1000038;2003;9789030380184;;;;;;;fictie;;Met de dood in het hart;Strip;;Nederlands;;;scenario van;;Casterman;;;Stripverhalen;56 p.;;;;;Matz;;Luc;
2^1000039;2009;;;;;;;;;;The best of 70 years Blue Note;CD;;Onbekend;;;;;Blue Note;;;;;;;;;;5099996484425;;
2^1000040;2009;9789061006343;151;;;;;MCMEBU;non-fictie;;Erasmus op de markt;Boek;;Nederlands;;;auteur;;Donker;;;;120 p.;;1;;;Koning;;Paula;
2^1000042;2008;9789020969832;462.3;;;;;LGHAMH;non-fictie;;Kinderen met Down;Boek;;Nederlands;;;auteur;;Lannoo;;;;296 p.;;;;;Van Hooste;;Ann;
2^1000044;cop. 2009;9789025960049;454.23;;;;;;non-fictie;;Succes op school;Boek;;Nederlands;;;auteur;;Ten Have;;;;124 p.;;;;;Schoenaker;;Theo;
2^1000046;cop. 2008;9789047701217;829.2;;;;;FIFIFI;non-fictie;;Wind!;Boek;;Nederlands;;;auteur;;Lemniscaat;;;;214 p.;;;;;Meeuse;;Piet;
2^1000047;cop. 2009;9789047200888;418.11;;;;;REPRMZ;non-fictie;;Mannen in soorten en maten;Boek;;Nederlands;;;auteur;;Artemis;;;;319 p.;;;;;Brenters;;Marlies;
2^1000048;2009;9789079592166;;;;;;;fictie;;Vele levens;Boek;;Nederlands;;;auteur;;Lampedaire;;;Autobiografische literatuur;208 p., [8] p. pl.;Hermans, Margriet;;;;Hermans;;Margriet;
2^1000054;2009;;;;;;;;;;Cantatas;CD;;Onbekend;;;componist;Cantate voor soli [4], koor en orkest, BWV. 13 ;Accent;;;;;;;;;Bach;4015023253087;Johann Sebastian;
2^1000056;2009;9789022549438;;;;;;;fictie;;Zomers licht;Boek;;Nederlands;;;auteur;;De Boekerij;;;Streek- en familieromans;412 p.;;2de dr.;;;Hore;;Rachel;
2^1000058;2009;;;;;;;;;;In the upper room;CD;;Onbekend;;;componist;In the upper room;Orange Mountain Music;;;;;;;;;Glass;801837005622;Philip;
2^1000061;2004-;;;;;;;;;340.2;Kwartaalschrift economie;Tijdschrift;;Nederlands;;0013-0486;;;Stichting Maandschrift Economie;;;;;;;;Bedrijfseconomie;;;;
2^1000062;s.d.;;;;;10110677;;;;369.1;Tijdschrift voor marketing;Tijdschrift;;Nederlands;;0165-1439;;;Kluwer Bedrijfswetenschappen;;;;;;;;Marketing;;;;
2^1000064;2009;;;;;;;;;;The seven last words of Christ on the cross;CD;;Onbekend;;;componist;Die sieben letzten Worte unseres Erlˆsers am Kreuze, Hob.XX, nr. 1;Glossa;;;;;;;;;Haydn;8424562211094;Joseph;
2^1000065;1965-;;;;;;;;;369.1;Marketing international;Tijdschrift;;Nederlands;;1570-8799;;;Kluwer;;;;;;;;Marketing;;;;
2^1000066;cop. 2009;9789032511364;;;;;;;fictie;;Porselein;Boek;;Nederlands;;;auteur;;De Kern;;;;367 p.;Sri Lanka ; 20ste eeuw;;;;Tearne;;Roma
2^1000067;2003-;;;;;;;;;317.3;Forward;Tijdschrift;;Nederlands;;0771-2987;;;VBO;;;;;;;;BelgiÎ ; economie;;;
2^1000068;2009;9789020408164;;;;;;;fictie;;De nieuwe fiets;Boek;;Nederlands;;;auteur;;Veen;;;Reisverhalen;221 p.;Europa ; reisverhalen;;;;Roeleven;;Dirk Jan
2^1000069;2008;;;;;;;;;;The history of jazz;CD;;Onbekend;;;;;Verve;;;;;;;;;;602498470640;;
2^1000070;1947-2003;;;;;;;;;340.2;Economisch en sociaal tijdschrift;Tijdschrift;;Nederlands;;0013-0575;;;UFSIA;;;;;;;;Sociale wetenschappen;;;;
2^1000077;2009;;;;;;;;;;Brandenburg concertos;CD;;Onbekend;;;componist;Brandenburgisches Konzert, nr. 1, BWV. 1046 in F gr.;Harmonia mundi;;;;;;;;;Bach;93046746162;Johann Sebastian;
2^1000079;2008;9789031726400;Polen 993;;;;;LAPLPL;non-fictie;;Polen;Boek;;Nederlands;;;auteur;;Meinema;;;;211 p.;;;;;van Veldhuizen;;Piet;
2^1000080;1995;9789052890678;;;;;;;fictie;;Russische roulette;Strip;;Nederlands;;;scenario van;;Farao-Talent;;;Stripverhalen;48 p.;;;;;Ryelandt;;;
2^1000081;2008;9781841622446;Cyprus 995;;;;;;non-fictie;;North Cyprus;Boek;;Engels;;;auteur;;Bradt;;;;VIII, 152 p., [16] p. pl.;;;;;Darke;;Diana;
2^1000082;cop. 2009;9789055159932;;;;;;;fictie;;Ik stond laatst voor een poppenkraam;Boek;;Nederlands;;;auteur;;Van Gennep;;;Waargebeurd;223 p.;Loverboys;;;;Mosterd;;Lucie;
2^1000083;cop. 2009;9789055159697;;;;;;;fictie;;Bindi;Boek;;Nederlands;;;auteur;;Van Gennep;;;Waargebeurd;157 p., [4] p. pl.;Loverboys;;;;Mosterd;;Maria;
2^1000084;[s.d.]-;;;;;;;;;360.2;KMOPME business magazine;Tijdschrift;;Nederlands;;;;;PME-KMO;;;;;;;;KMO;;;;
2^1000085;2009;9789078902379;;;;;;;fictie;;Een mens van goede wil;Boek;;Nederlands;;;auteur;;Wever ;;;Verfilmde boeken;236 p.;Platteland ; Vlaanderen;;;;Walschap;;Gerard
2^1000086;1990-;;;;;;;;;360.8;DVO;Tijdschrift;;Nederlands;;;;;Editor International;;;;;;;;Zelfstandigen;;;;
2^1000087;cop. 2009;9789055159741;;;;;;;fictie;;Lang niet gek;Boek;;Nederlands;;;auteur;;Van Gennep;;;Waargebeurd;182 p.;Depressies;;;;Van Drie;;Diane;
2^1000088;-2.012;;;;;;;;;355.1;SERV-bericht;Tijdschrift;;Nederlands;;;;;SERV;;;;;;;;Vlaanderen ; economische politiek;;;
2^1000090;2009;;;;;;;;;;The boat that rocked;CD;Filmmuziek;Onbekend;;;;;Mercury;;;;;;;;;;602527012988;;
2^1000092;2008;;;;;;;;;;Best Greek songs;CD;Griekenland;Onbekend;;;componist;;ARC;;;;;;;;;Terzis;5019396217027;Michalis;
2^1000099;2009;;;;;;;;;;Les 6 sonates pour orgue;CD;Orgel;Frans;;;componist;Sonate voor orgel, op. 65, nr. 1 in f kl.;Calliope;;;;;;;;;Mendelssohn-Bartholdy;794881915422;Felix;
2^10001;1977;90-234-0585-4;;;;;;;;;De verhalen 1947-1977;Boek;;Nederlands;;;auteur;;De Bezige Bij;;;Verhalen;644 p.;;;;;Mulisch;;Harry;
2^1000101;2008;;;;;;;;;;Da solo;CD;ItaliÎ;Onbekend;;;uitvoerder;;Atlantic;;;;;;;;;Capossela;5051865007128;Vinicio;
2^1000102;2001;;;;;;;;;;The Vogue years;CD;;Onbekend;;;uitvoerder;;BMG;;;;;;;;;Hardy;743218223228;FranÁoise;
2^1000103;2008;9781740591058;IndonesiÎ 995;;;;;;non-fictie;;Borneo;Boek;;Engels;;;auteur;;Lonely Planet;;;;352 p.;;;;;Rowthorn;;Chris;
2^1000105;1998;;;;;;;;;;Fantaisie militaire;CD;;Onbekend;;;uitvoerder;;Barclay;;;;;;;;;Bashung;731453948822;Alain;
2^1000106;2006;;;;;;;;;;Silk and soul;CD;;Onbekend;;;uitvoerder;;RCA;;;;;;;;;Simone;828767333526;Nina;
2^1000108;2009;;;;;;;;;;Violin concertos;CD;;Onbekend;;;componist;Concerto voor viool en orkest, nr. 1, KV. 207 in Bes gr.;Virgin;;;;;;;;;Mozart;5099950211227;Wolfgang Amadeus;
2^1000109;2006;;;;;;;;;;Nina Simone sings the blues;CD;;Onbekend;;;uitvoerder;;RCA;;;;;;;;;Simone;828767333427;Nina;
2^100011;s.d.;;026.5;;;;;;;;Using a library;Dia;;Engels;;;;;Slide Center;;;;;;;;;;;;
2^1000110;cop. 2003;9789034301451;;;;;;;fictie;;Een kwestie van erfelijkheid;Strip;;Nederlands;;;illustrator;;Arboris;;;Stripverhalen;48 p.;;;;;Corbeyran;;Eric;
2^1000111;2009;;;;;;;;;;Cult cuts;CD;Filmmuziek;Onbekend;;;uitvoerder;;Silva Screen;;;;;;;;;London Music Works;738572127022;;
2^1000112;cop. 2009;9789032511630;;;;;;;fictie;;De Russische vriend;Boek;;Nederlands;;;auteur;;De Kern;;;Thrillers;350 p.;;;;;Ingemarsson;;Kajsa;
2^1000113;2007;;;;;;;;;;Essential tango;CD;Tango;Onbekend;;;uitvoerder;;Manteca;;;;;;;;;Piazzolla;698458251428;Astor;
2^1000114;cop. 2009;9789025745028;;;Prentenboeken;;;;fictie;;Olifant;Boek;;Nederlands;;;auteur;;Gottmer;vanaf 3 jaar;;;[34] p.;;;;;Hor·cek;;Petr;Fantasievriendjes
2^1000116;cop. 2009;9789032511517;;;;;;;fictie;;Krijg je wel;Boek;;Nederlands;;;auteur;;De Kern;;;Romantische literatuur;317 p.;;;;;Fallon;;Jane;
2^1000117;2009;;;;;;;;;;Lost season 4;CD;Filmmuziek;Onbekend;;;componist;;VarËse Sarabande;;;;;;;;;Giacchino;4005939696429;Michael;
2^1000127;2008;;;;;;;;;;Susan Chilcott in Brussels;CD;;Onbekend;;;uitvoerder;The turn of the screw, op. 54. How beautiful it is;CyprËs;;;;;;;;;Chilcott;5412217086015;Susan;
2^1000128;2009;;;;;;;;;;Hits with strings and things;CD;;Onbekend;;;;;Ace;;;;;;;;;;29667035224;;
2^1000129;cop. 2009;9789032511296;;;;;;;fictie;;Dagen zonder Abby;Boek;;Nederlands;;;auteur;;De Kern;;;;302 p.;Dood ; kinderen;;;;Griffin;;Lynne
2^1000130;2009;9789032511456;;;;;;;fictie;;De verre kolonie;Boek;;Nederlands;;;auteur;;De Kern;;;Historische literatuur;398 p.;AustraliÎ ; koloniale tijd;2de dr.;;;McKinley;;Tamara
2^1000131;2008;;;;;;;;;;Top 100;CD;;Onbekend;;;uitvoerder;;Universal;;;;;;;;;Last;600753134191;James;
2^1000132;2009;;;;;;;;;;Song of songs;CD;;Onbekend;;;;;Harmonia mundi;;;;;;;;;;93046748968;;
2^1000133;2006;;;;;;;;;;Tango;CD;;Onbekend;;;uitvoerder;;Columbia;;;;;;;;;Iglesias;5099748667526;Julio;
2^1000134;2009;9789032511623;;;;;;;fictie;;Bella Italia;Boek;;Nederlands;;;auteur;;De Kern;;;Romantische literatuur;292 p.;;2de dr.;;;Pellegrino;;Nicky;
2^1000135;cop. 2009;9789026124778;;;;;;;fictie;;In het nauw;Boek;;Nederlands;;;auteur;;De Fontein;;;Juridische thrillers;301 p.;;;;;Scottoline;;Lisa;
2^1000136;2009;9789046806074;;;;;;;fictie;;De vermoedens van Mr Whicher, of De moord in Road Hill House;Boek;;Nederlands;;;auteur;;Nieuw Amsterdam;;;Historische literatuur;415 p.;Moorden;3de dr.;;;Summerscale;;Kate;
2^1000137;cop. 2009;9789038919010;Turkije 993;;;;;LATRTR;non-fictie;;Cultuur bewust! Turkije;Boek;;Nederlands;;;auteur;;Elmar;;;;167 p.;;;;;MacPherson;;Charlotte;
2^1000138;2009;9789023440567;;;;;;;fictie;;Alle levenden;Boek;;Nederlands;;;auteur;;De Bezige Bij;;;;255 p.;Platteland ; Verenigde Staten;;;;Morgan;;C.E.
2^1000139;2009;9789052474274;;;Fabels;;;;fictie;;Fantastische fabels;Boek;;Nederlands;;;auteur;;Zirkoon;vanaf 5 jaar;;;155 p.;;;;;Wildsmith;;Brian;
2^1000141;1994-;;;;;;;;;357;Sampol;Tijdschrift;;Nederlands;;1372-0740;;;Stichting Gerrit Kreveld;;;;;;;;Politicologie;;;;
2^1000142;2004;;;;;;;;;;The lion king;CD;Musicals;Onbekend;;;componist;;Walt Disney;;;;;;;;;John;809274349125;Elton;
2^1000143;1902-;;;;;;;;;300.2;De gids op maatschappelijk gebied;Tijdschrift;;Nederlands;;;;;Vormingscentrum Ter Munk;;;;;;;;Sociale wetenschappen;;;;
2^1000146;2009;;;;;;;;;;Goldberg variations;CD;;Onbekend;;;componist;Variaties voor klavecimbel, BWV. 988 ;Deutsche Grammophon;;Harp;;;;;;;Bach;28947781653;Johann Sebastian;
2^1000148;2009;;;;;;;;;;This is my life ; Does anybody miss me;CD;;Onbekend;;;uitvoerder;;BGO;;;;;;;;;Bassey;5017261208606;Shirley
2^1000150;cop. 1985;9789030380245;;;;;;;fictie;;De roes van het bloed;Strip;;Nederlands;;;auteur;;Casterman;;;Stripverhalen;45 p.;;;;;Sokal;;;
2^1000151;2003-;;;;;;;;;372.6;Retail Update newsletter;Tijdschrift;;Nederlands;;;redacteur;;Editing Media Group;;;;;;;;Detailhandel;Van Rompaey;;Stefan;
2^1000153;cop. 2008;;Duitsland 945.3;;;;;TWWODR;non-fictie;;De geschiedenis van de Duitse Wehrmacht;DVD-Video;;Duits;;;;;Just Entertainment;;;;;;;;;;8717344733137;;
2^1000154;cop. 2009;9789026615306;;;;;;;fictie;;Waterspiegel;Boek;;Nederlands;;;auteur;;Callenbach;vanaf 9 jaar;;;109 p.;;;;;Warmels;;Helga;Ouders
2^1000156;cop. 2009;9789038918990;Noorwegen 993;;;;;LANWNW;non-fictie;;Cultuur bewust! Noorwegen;Boek;;Nederlands;;;auteur;;Elmar;;;;166 p.;;;;;March;;Linda;
2^1000162;2009;;;;;;;;;;Romancendres;CD;;Onbekend;;;componist;Romances voor viool en piano, op. 22, nr. 1-3; Arr.;ECM;;;;;;;;;Holliger;28947632252;Heinz
2^1000163;2009;9781598801446;Verenigde Staten 995;;;;;;non-fictie;;Texas;Boek;;Engels;;;auteur;;Avalon Travel;;;;427 p.;;;;;Rhodes;;Andy;
2^1000164;2008;;;;;;;;;;Melancholie;CD;;Onbekend;;;componist;;RCA;;;;;;;;;Schumann;886971681727;Robert;
2^1000168;cop. 2009;9789029567442;;;;;;;fictie;;In Florence;Boek;;Nederlands;;;auteur;;De Arbeiderspers;;;;205 p.;Florence;;;;Ten Bosch;;Ad;
2^1000174;2008;;;;;;;;;;Piano concertos no.1;CD;;Onbekend;;;componist;Concerto voor piano en orkest, nr. 1, S. 124 in Es gr.;Naxos;;;;;;;;;Liszt;747313051779;Franz;
2^1000175;2009;9789029567633;;;;;;;fictie;;De dood in VenetiÎ en andere verhalen;Boek;;Nederlands;;;auteur;Tristan;De Arbeiderspers;;;;307 p.;;;;;Mann;;Thomas;
2^1000176;2009;9789025364212;;;;;;;fictie;;De avonturen van Alice in Wonderland ; Achter de spiegel en wat Alice daar aantrof;Boek;;Nederlands;;;auteur;De avonturen van Alice in Wonderland;Athenaeum-Polak en Van Gennep;;Friedl;;247 p.;;;;;Carroll;;Lewis
2^1000183;2009;;;;;;;;;;Organ concertos, op. 4;CD;;Onbekend;;;componist;Concerto voor orgel en orkest, nr. 3, HWV. 291, op. 4, nr. 3 in g kl.;L;;;;;;;;;H‰ndel;28947814658;Georg Friedrich;
2^1000184;2009;9789025364205;;;;;;;fictie;;Woeste hoogten;Boek;;Nederlands;;;auteur;;Athenaeum-Polak en Van Gennep;;Friedl;Verfilmde boeken;358 p.;Onmogelijke liefde;;;;BrontÎ;;Emily;
2^1000185;2009;9789025364267;;;;;;;fictie;;Leer mij je liefhebben;Boek;;Nederlands;;;auteur;;Athenaeum-Polak en Van Gennep;;;Biografische literatuur;318 p., [16] p. pl.;Nederlands-IndiÎ;;;;Groenhart;;Kristine;
2^1000192;2008;;;;;;;;;;Symphonies;CD;;Onbekend;;;componist;Symfonie voor orkest, Eisen C1 in C gr.;Chandos;;;;;;;;;Mozart;95115149621;Leopold;
2^1000193;cop. 2009;9789089900074;;;;;;;fictie;;Deadline;Boek;;Nederlands;;;auteur;;Arena;;;Thrillers;253 p.;Journalistiek;;;;Van den Eynden;;Sabine;
2^1000195;cop. 2006;;;;;;;;fictie;;In the mood for love;DVD-Video;;Chinees;;;regisseur;;A-Film;;;Speelfilms;;Onvermogen tot liefde;;;;Wong;8716777056165;Kar-wai;
2^1000197;cop. 2009;9789049500054;;;;;;;fictie;;Little brother;Boek;;Nederlands;;;auteur;;De Vliegende Hollander;;;Thrillers;335 p.;Terrorisme;;;;Doctorow;;Cory;
2^1000198;2007;;;;;;;;fictie;;The proposition;DVD-Video;;Engels;;;regisseur;;A-Film;;;Speelfilms;;AustraliÎ ; koloniale tijd;;;;Hillcoat;8716777921395;John
2^1000199;2009;;;;;;;;fictie;;Les choristes;DVD-Video;;Engels;;;regisseur;;A-Film;;;Muziekfilms;;Internaten ; Frankrijk;;;;Barratier;8716777055601;Christophe
2^1000200;cop. 2009;9789049500092;;;;;;;fictie;;Het gezelschap van leugenaars;Boek;;Nederlands;;;auteur;;De Vliegende Hollander;;;Historische literatuur;477 p.;Engeland ; 14de eeuw;;;;Maitland;;Karen
2^1000201;cop. 2005;;;;;;;;fictie;;Il gattopardo;DVD-Video;;Italiaans;;;regisseur;;A Film;;;Historische films;;Adel ; SiciliÎ ; 19de eeuw;;;;Visconti;8716777052716
2^1000202;2009;;;;;;;;;;Blending times;CD;;Onbekend;;;uitvoerder;;Freeworld;;;;;;;;;Coltrane;805772500129;Ravi;
2^1000203;cop. 2009;9789049500047;;;;;;;fictie;;De wilde gave;Boek;;Nederlands;;;auteur;;De Vliegende Hollander;;;Fantasy;207 p.;;;;;Le Guin;;Ursula;
2^1000204;2008;;;;;;;;;;Sounds of New Orleans;CD;New Orleans Jazz;Onbekend;;;;;Storyville;;;;;;;;;;717101610228;;
2^1000205;2008;;;;;;;;;;Sounds of New Orleans;CD;New Orleans Jazz;Onbekend;;;;;Storyville;;;;;;;;;;717101610327;;
2^1000206;2009;;;;;;;;;;Prana dance;CD;;Onbekend;;;uitvoerder;;Highnote;;;;;;;;;Harrell;632375719227;Tom;
2^1000207;2009;9789049200626;;;;;;;fictie;;The best of Lonely Planet;Boek;;Nederlands;;;samensteller;;Forum;;;Reisverhalen;592 p.;Reizen;;;;Wheeler;;Tony;
2^1000208;1986;;;;;;;;;;Bass desires;CD;;Onbekend;;;uitvoerder;;ECM;;;;;;;;;Johnson;42282774323;Marc;
2^1000209;2009;9789020982480;ItaliÎ 995;;;;;LAITNI;non-fictie;;100 x Noord-ItaliÎ;Boek;;Nederlands;;;auteur;;Lannoo;;;;299 p.;;;;;Cole;;Herman;
2^1000210;2008;;;;;;;;;;The amazing sound of ;CD;BelgiÎ;Onbekend;;;uitvoerder;;Fresh Sound;;;;;;;;;Thielemans;8427328605267;Toots;
2^1000211;2009;9789020982497;Frankrijk 995;;;;;LAFRPR;non-fictie;;100 x Provence, CÙte d;Boek;;Nederlands;;;auteur;;Lannoo;;;;264 p.;;;;;Van Vliet;;Cathelijne;
2^1000213;2008;;;;;;;;;;La reine 1943-1957;CD;Vocale jazz;Onbekend;;;uitvoerder;;FrÈmeaux;;;;;;;;;Washington;3561302520926;Dinah;
2^1000214;1996;;;;;;;;;;The best of John Scofield;CD;;Onbekend;;;uitvoerder;;Blue Note;;;;;;;;;Scofield;724385333026;John;
2^1000215;2009;;;;;;;;;;Piety street;CD;;Onbekend;;;uitvoerder;;Emarcy;;;;;;;;;Scofield;602517911369;John;
2^1000216;2009;9789078124207;;;;;;;fictie;;Terreur;Boek;;Nederlands;;;auteur;;De rode kamer;;;Detectives;328 p.;Broman, Fredrik (personage);;;;÷stlundh;;HÂkan;
2^1000217;2008;;;;;;;;;;Five facings;CD;;Onbekend;;;uitvoerder;;Jazz Werk Statt;;;;;;;;;Lacy;4250079757954;Steve;
2^1000219;2008;;;;;;;;;;Legendary radio broadcasts;CD;Vocale jazz;Onbekend;;;uitvoerder;;Storyville;;;;;;;;;Fitzgerald;717101841226;Ella;
2^100022;s.d.;;227.1;;;;;;;;We hebben zijn ster in het oosten gezien;Dia;;Nederlands;;;;;Avimo;;;;;;;;;;;;
2^1000220;2009;;Oost-Vlaanderen 938.1;;;;;;non-fictie;;Vrijdagmarkt ;Boek;;Nederlands;;;auteur;;Ultima Thule;;;;175 p.;;;;;Van Aalst;;Pieter;
2^1000221;2008;;;;;;;;;;Iron wedding;CD;;Onbekend;;;uitvoerder;;Intakt;;;;;;;;;Takase;7640120191603;Aki;
2^1000222;2009;;;;;;;;;;He and she;CD;;Onbekend;;;uitvoerder;;Blue Note;;;;;;;;;Marsalis;5099951033125;Wynton;
2^1000224;2009;;;;;;;;;;Metamorphosen;CD;;Onbekend;;;uitvoerder;;Marsalis Music;;;;;;;;;Marsalis;874946001106;Branford;
2^1000225;1994;;;;;;;;;;At the Deer Head Inn;CD;;Onbekend;;;uitvoerder;;ECM;;;;;;;;;Jarrett;731451772023;Keith;
2^1000227;2008;;;;;;;;;;The anthology;CD;;Onbekend;;;uitvoerder;;Concord;;;;;;;;;Corea;888072308473;Chick;
2^1000229;cop. 2007;;Duitsland 947.6;;;;;TWWOHI;non-fictie;;In love with Adolf Hitler;DVD-Video;;Frans;;;regisseur;;Orion Channel;;;;;;;;;Clarke;5412012146907;Isabelle;
2^1000232;2008;;;;;;;;;;Further explorations by the Horace Silver Quintet;CD;;Onbekend;;;uitvoerder;;Blue Note;;;;;;;;;Silver;5099951437923;Horace;
2^1000236;2009;;;;;;;;;;Vespro per la Vergine;CD;;Onbekend;;;componist;Domine ad adiuvandum me festina, RV. 593;Sony;;;;;;;;;Vivaldi;886973187029;Antonio;
2^1000237;2009;;Verenigde Staten 941;;;;;GELAAZ;non-fictie;;De Amerikaanse toekomst;DVD-Video;;Engels;;;auteur;;Memphis Belle;;;;;;;;;Schama;9789089412362;Simon;
2^1000238;2008;;;;;;;;;;Liebman meets Intra;CD;;Onbekend;;;uitvoerder;;Alfa Music;;;;;;;;;Liebman;8032050008080;Dave;
2^1000239;2003;;;;;;;;;;In search of;CD;;Onbekend;;;uitvoerder;;Dreyfus Jazz;;;;;;;;;Jamal;3460503664425;Ahmad;
2^1000240;2008;;;;;;;;;;Portrait of an idealist;CD;;Onbekend;;;uitvoerder;;Leo;;;;;;;;;Namchylak;5024792052721;Sainkho;
2^1000241;2008;;;;;;;;;;Duet;CD;;Onbekend;;;uitvoerder;;Stretch;;;;;;;;;Corea;888072308275;Chick;
2^1000242;2008;9789086910328;;;;;;;fictie;;Venusdelta;Boek;;Nederlands;;;auteur;;De Standaard;;;Erotische literatuur;270 p.;;;;;Nin;;AnaÔs;
2^1000243;2009;;;;;;;;;;Lost on the way;CD;;Onbekend;;;uitvoerder;;ECM;;;;;;;;;Sclavis;602517984974;Louis;
2^1000244;2009;;;;;;;;;;Five Peace Band live;CD;;Onbekend;;;uitvoerder;;Concord;;;;;;;;;Corea;888072313972;Chick;
2^1000245;2008;;;;;;;;;;Sounds of New Orleans;CD;New Orleans Jazz;Onbekend;;;;;Storyville;;;;;;;;;;717101610129;;
2^1000246;2009;;;;;;;;;;Sky ;CD;;Onbekend;;;uitvoerder;;ECM;;;;;;;;;Turner;602517950412;Mark;
2^1000248;1999;;;;;;;;;;Winterreise;CD;;Onbekend;;;componist;Winterreise, D. 911;HyperÌon;;;;;;;;;Schubert;34571130309;Franz;
2^1000249;2006;;;;;;;;;;Unity;CD;;Onbekend;;;uitvoerder;;ESP;;;;;;;;;Wright;825481040280;Frank;
2^1000250;2009;;;;;;;;;;Man of Aran;CD;Filmmuziek;Onbekend;;;;;Rough Trade;;;;;;;;;;883870049924;;
2^1000251;2009;;;;;;;;;;Wooden arms;CD;Singer-songwriters;Onbekend;;;uitvoerder;;V2;;;;;;;;;Watson;8717931320764;Patrick;
2^1000254;2009;;;;;;;;;;Violin concerto;CD;;Onbekend;;;componist;Concerto voor viool en orkest, op. 77 in D gr.;Deutsche Grammophon;;;;;;;;;Brahms;28947774709;Johannes;
2^1000255;2009;;;;;;;;;;The eternal;CD;;Onbekend;;;;;Matador;;;;;;;;;;744861082927;;
2^1000256;2009;9789044613544;;;;;;;fictie;;De paardentekenaar;Boek;;Nederlands;;;auteur;;Prometheus;;;Verhalen;257 p.;;6de dr.;;;KrabbÈ;;Tim;
2^1000257;2009;9789044613537;;;;;;;fictie;;Vertraging;Boek;;Nederlands;;;auteur;;Prometheus;;;;143 p.;AustraliÎ;;;;KrabbÈ;;Tim;
2^1000259;2009;;;;;;;;;;Transylvania;CD;BelgiÎ;Onbekend;;;;;Munich;;;;;;;;;;742451030327;;
2^100026;cop. 1974;;226.3;;;;;;;;So entstand das Alte Testament;Dia;;Duits;;;;;Burckhardthaus;;;;;;;;;;;;
2^1000260;2001?;;;;;;;;fictie;;Farinelli, il castrato;DVD-Video;;Frans;;;regisseur;;Belga Home Video;;;Biografische films;;Castraten;;;;Corbiau;5412370832757;GÈrard;
2^1000261;cop. 2003;;;;;;;;fictie;;Le vÈlo de Ghislain Lambert;DVD-Video;;Frans;;;regisseur;;A-Film;;;Humoristische films;;;;;;Harel;8716777038338;Philippe;
2^1000263;cop. 2006;;;;;;;;fictie;;The family Stone;DVD-Video;;Engels;;;regisseur;;Twentieth Century Fox Home Entertainment;;;Humoristische films;;;;;;Bezucha;8712626022336;Thomas;
2^1000267;2008;9789029567190;;;;;;;fictie;;De New York-trilogie;Boek;;Nederlands;;;auteur;Broze stad;De Arbeiderspers;;;;;;;;;Auster;;Paul;
2^1000269;cop. 2007;;;;;;;;fictie;;Live flesh;DVD-Video;;Spaans;;;regisseur;;A-Film;;;Speelfilms;;;;;;AlmodÛvar;8716777058503;Pedro;
2^100027;1979;;227.3;;;;;;;;So entstand das Neue Testament;Dia;;Duits;;;;;Burckhardthaus;;;;;;;;;;;;
2^1000270;2006;;;;;;;;fictie;;Jean de Florette;DVD-Video;;Frans;;;regisseur;;A-Film;;;Speelfilms;;Platteland ; Provence;;;;Berri;8716777055663;Claude
2^1000271;2006;;;;;;;;fictie;;Atame!;DVD-Video;;Spaans;;;regisseur;;A-Film;;;Humoristische films;;;;;;AlmodÛvar;8716777057223;Pedro;
2^1000272;cop. 2004;;;;;;;;fictie;;Something;DVD-Video;;Engels;;;regisseur;;Warner Home Video;;;Romantische films;;;;;;Meyers;7321931319546;Nancy;
2^1000273;cop. 2008;;;;;;;;fictie;;My left foot;DVD-Video;;Engels;;;regisseur;;Lime-Lights pictures;;;Biografische films;;Brown, Christy;;;;Sheridan;5412012149090;Jim;
2^1000274;s.a.;9789058492418;;;;;;;fictie;;Mon oncle;DVD-Video;;Frans;;;regisseur;;Filmmuseum;;;Humoristische films;;;;;;Tati;;Jacques;
2^1000275;2009;;;;;;;;fictie;;A room with a view;DVD-Video;;Engels;;;regisseur;;A-Film;;;Speelfilms;;Burgerij ; Groot-BrittanniÎ;;;;Ivory;8716777924303;James
2^1000276;cop. 2007;;;;;;;;fictie;;Hannah and her sisters;DVD-Video;;Engels;;;regisseur;;MGM DVD;;;Humoristische films;;Man-vrouwrelatie;;;;Allen;8712626034186;Woody;
2^1000277;cop. 2007;;;;;;;;fictie;;Radio days;DVD-Video;;Engels;;;regisseur;;MGM DVD;;;Humoristische films;;;;;;Allen;8712626034124;Woody;
2^1000278;cop. 2007;;;;;;;;fictie;;Broadway Danny Rose;DVD-Video;;Engels;;;regisseur;;MGM DVD;;;Humoristische films;;;;;;Allen;8712626034209;Woody;
2^1000279;cop. 2007;;;;;;;;fictie;;De ontdekking van de hemel;DVD-Video;;Engels;;;regisseur;;RCV;;;Speelfilms;;Tien Geboden;;;;KrabbÈ;8713045211363;Jeroen;
2^1000280;cop. 2006;;;;;;;;fictie;;Spring, summer, fall, winter... and spring;DVD-Video;;Koreaans;;;regisseur;;A-Film;;;Speelfilms;;Boeddhisme;;;;Kim;8716777055618;Ki-Duk;
2^1000281;2006;;;;;;;;fictie;;Rashomon;DVD-Video;;Japans;;;regisseur;;A-Film;;;Speelfilms;;;;;;Kurosawa;8716777058169;Akira;
2^1000282;cop. 2006;;;;;;;;fictie;;When Harry met Sally;DVD-Video;;Engels;;;regisseur;;MGM DVD;;;Humoristische films;;;;;;Reiner;8712626008200;Rob;
2^1000283;cop. 2007;;;;;;;;fictie;;Mystic pizza;DVD-Video;;Engels;;;regisseur;;MGM DVD;;;Romantische films;;;;;;Petrie;8717438133034;Donald;
2^1000285;2007;;;;;;;;fictie;;Nobody knows;DVD-Video;;Japans;;;regisseur;;A-Film;;;Speelfilms;;Gezin;;;;Koreeda;8716777059630;Hirokazu;
2^1000286;2006;;;;;;;;fictie;;Tokyo story;DVD-Video;;Japans;;;regisseur;;A-Film;;;Speelfilms;;;;;;Ozu;8716777058046;Yasujiro;
2^1000288;cop. 2008;9789067271691;135;;;;;FIFIFI;non-fictie;;Een schitterend ongeluk;DVD-Video;;Nederlands;;;samensteller;;VPRO;volwassenen;;;;;;;;Kayzer;;Wim;
2^1000290;cop. 2009;9789060385616;157.4;;;;;;non-fictie;;Grondslagen voor een verruiming van de geneeskunde volgens geesteswetenschappelijke inzichten;Boek;;Nederlands;;;auteur;;Vrij Geestesleven;;;;151 p.;;;;;Steiner;;Rudolf;
2^1000294;cop. 2009;9789023923459;Frankrijk 944.4;;;;;WENTNT;non-fictie;;Frankrijk en de hugenoten;Boek;;Nederlands;;;auteur;;Boekencentrum;;;;629 p.;;1;;;Van Enk;;P.L.;
2^1000296;cop. 2009;9789046805633;BosniÎ-Herzegovina 337;;;;;TWNNNN;non-fictie;;De jacht op Karadzic;Boek;;Nederlands;;;auteur;;Nieuw Amsterdam;;;;269 p.;;;;;Hawton;;Nick;
2^1000297;2009;9789020982893;708.5;;;;;FTSPSP;non-fictie;;De exotische mens;Boek;;Nederlands;;;redacteur;;Lannoo;;;;175 p.;;;;;Allegaert;;Patrick;
2^1000298;2009;978-2-509-00363-8;;;;;;OPOBGE;;346.1;GemeentefinanciÎn voor niet-specialisten;Boek;;Nederlands;;;auteur;FinanciÎn en economisch beleid;Politeia;;;;160 p.;;8ste herz. ed.;;GemeentefinanciÎn;Leroy;;Jan;
2^1000299;2009;9789064455100;339.7;;;;;OPOVII;non-fictie;;Als de NAVO de passie preekt;Boek;;Nederlands;;;auteur;;EPO;;;;311 p.;;;;;De Brabander;;Ludo;
2^1000300;2009;9789035131521;248.5;;;;;RLCHPA;non-fictie;;Sleutelbewaarders;Boek;;Nederlands;;;auteur;;Bakker;;;;513 p.;;;;;Collins;;Roger;
2^1000302;cop. 2007;;;;;;;;fictie;;La vita Ë bella;DVD-Video;;Italiaans;;;regisseur;;RCV;;;Speelfilms;;Deportaties ; Wereldoorlog II;;;;Benigni;8713045214456;Roberto
2^1000303;2009;9789056179250;330.91;;;;;TWNNIT;non-fictie;;De heilige wereldoorlog;Boek;;Nederlands;;;auteur;;Van Halewyck;;;;440 p.;;;;;Lambrecht;;Jef;
2^1000304;cop. 2008;;;;;;;;fictie;;The notebook;DVD-Video;;Engels;;;regisseur;;RCV;;;Romantische films;;;;;;Cassavetes;8713045214852;Nick;
2^1000306;2009;9789002232756;629.4;;;;;EDVKVK;non-fictie;;Vegetarisch koken in 30 minuten;Boek;;Nederlands;;;auteur;;Standaard;;;;158 p.;;;;;Duerinck;;Miki;
2^1000307;2009;9789046805787;China 355.2;;;;;GELAAZ;non-fictie;;China zet de wereld op z;Boek;;Nederlands;;;auteur;;Nieuw Amsterdam;;;;336 p.;;5de, herz. dr.;;;Kynge;;James;
2^1000308;2006;;;;;;;;fictie;;Ae fond kiss;DVD-Video;;Engels;;;regisseur;;A-Film;;;Speelfilms;;Racisme ; Groot-BrittanniÎ;;;;Loach;8716777056516;Ken
2^1000309;2008;;;;;;;;fictie;;After the wedding;DVD-Video;;Deens;;;regisseur;;A-Film;;;Speelfilms;;;;;;Bier;8716777924266;Susanne;
2^1000311;2009;9789045309484;110;;;;;FIFIFI;non-fictie;;Filosofie voor in bed, op het toilet of in bad;Boek;;Nederlands;;;auteur;;BZZTÙH;;;;160 p.;;;;;Bergman;;Gregory;
2^1000312;cop. 2009;9789038918983;Nederland 993;;;;;LANEWF;non-fictie;;Fietsen en wandelen langs oude spoorwegen in Nederland;Boek;;Nederlands;;;auteur;;Elmar;;;;108 p.;;3de herz. dr.;;;Artz;;Alexander;
2^1000313;cop. 2008;9789056626556;718.5;;;;;;non-fictie;;Een traditie van verandering;Boek;;Nederlands;;;redacteur;;NAi;;;;252 p.;;;;;Verstegen;;Ton;
2^1000314;cop. 2006;;;;;;;;fictie;;Blackadder 1;DVD-Video;;Engels;;;regisseur;;Warner Home Video;;;Humoristische films;;;;;;Shardlow;7321931933049;Martin;
2^1000315;cop. 2006;;;;;;;;fictie;;Blackadder 3;DVD-Video;;Engels;;;regisseur;;Warner Home Video;;;Humoristische films;;;;;;Fletcher;7321931933063;Mandie;
2^1000316;cop. 2009;9781933751122;Verenigde Staten 707.8;;;;;;non-fictie;;Dan Graham;Boek;;Engels;;;samensteller;;MIT;;;;347 p.;;;;;Simpson;;Bennett;
2^1000317;2008;9789053306376;574;;;;;WTBIEV;non-fictie;;Over het ontstaan van soorten van Darwin;Boek;;Nederlands;;;auteur;;Mets en Schilt;;;;155 p.;;;;;Browne;;Janet;
2^1000318;2008;9789073288522;Turks 831;;;;;TATUWO;non-fictie;;T¸rkÁe-Hollandaca;Boek;;Turks;;;samensteller;;Etnicom;;;;960 p.;;;;;Kiris;;Mehmet;
2^1000319;cop. 2008;9789077194065;214.4;;;;;;non-fictie;;Non-dualiteit;Boek;;Nederlands;;;auteur;;Advaita Centrum;;;;206 p.;;;;;Tiemersma;;Douwe;
2^1000320;2009;;451.2;;;;;ONONON;non-fictie;;GO!;Boek;;Nederlands;;;medewerker;;GO! Onderwijs van de Vlaamse Gemeenschap;;;;91 p.;;;;;Blight;;Tom;
2^1000321;cop. 2007;;;;;;;;fictie;;Elizabeth;DVD-Video;;Engels;;;regisseur;;Universal;;;Biografische films;;Elizabeth I (koningin van Engeland);;;;Kapur;5050582502787;Shekhar;
2^1000322;2008;;;;;;;;;;The black book of capitalism;CD;;Onbekend;;;uitvoerder;;Type;;;;;;;;;Chauveau;182270000635;Sylvain;
2^1000323;2009;;;;;;;BDMAPE;non-fictie;367.2;Van verplichte antidiscriminatie tot vrijwillig diversiteitsplan;Boek;;Nederlands;;;auteur;;Kluwer;;;;82 p.;;;978-90-4652-999-8;Diversiteitsmanagement;Demeestere;;Stijn;
2^1000324;2009;;;;;;;;;;My maudlin career;CD;;Onbekend;;;;;4AD;;;;;;;;;;652637290721;;
2^1000325;cop. 2006;;;;;;;;fictie;;Blackadder 4;DVD-Video;;Engels;;;regisseur;;BBC Worldwide;;;Humoristische films;;;;;;Boden;7321931933070;Richard;
2^1000327;cop. 2008;;;;;5413660854619;;;fictie;;Midnight express;DVD-Video;;Engels;;;regisseur;;Sony Pictures Home Entertainment;;;Biografische films;;Gevangenissen ; Turkije;;;;Parker;8712609593624;Alan
2^1000328;2008;9789031358922;324;;;;;;non-fictie;;Groen en grijs;Boek;;Nederlands;;;auteur;;Bohn Stafleu Van Loghum;;;;103 p.;;;;;Van Kordelaar;;Karen;
2^1000329;2009;;;;;;;;;;Blood from a stone;CD;Singer-songwriters;Onbekend;;;uitvoerder;;Nettwerk;;;;;;;;;Hukkelberg;5037703084629;Hanne;
2^1000330;cop. 2000;;;;;;;;fictie;;Blackadder 2;DVD-Video;;Engels;;;regisseur;;BBC Worldwide;;;Humoristische films;;;;;;Fletcher;7321931933056;Mandie;
2^1000331;2009;9789025745356;Amerika 993;;;;;LAAMLA;non-fictie;;La ruta Maya;Boek;;Nederlands;;;auteur;;Gottmer/Becht;;;;310 p.;;4de herz. dr.;;;O;;Linda;
2^1000332;2008;;;;;;;;;;The vodoun effect 1972-1975;CD;Benin;Onbekend;;;;;Analog Afrika;;Wereldmuziek;;;;;;;;4260126060661;;
2^1000333;cop. 2006;;;;;;;;fictie;;Serpico;DVD-Video;;Engels;;;regisseur;;Sony Pictures Home Entertainment;;;Speelfilms;;;;;;Lumet;8712609040869;Sidney;
2^1000334;2008;978-90-7743-203-7;;;;;;;;366.41;Leidinggeven zonder bevelen;Boek;;Nederlands;;;auteur;;LannooCampus;;;;144 p.;;3de dr.;;Leidinggeven;Vandendriessche;;Filip;
2^1000335;2008;9789064506642;774.1;;;;;;non-fictie;;Stoelen;Boek;;Nederlands;;;auteur;;OIO;;;;270 p.;;;;;M·cel;;Otakar;
2^1000336;2008?;9783938433133;705.8;;;;;;non-fictie;;Loss of control;Boek;;Meertalig;;;redacteur;;MARTA;;;;319 p.;;;;;Krˆger;;Michael;
2^1000337;2009;;;;;;;;;;Elmwood;CD;BelgiÎ;Onbekend;;;;;ZooStudios;;;;;;;;;;5413356605921;;
2^1000338;2009;978-90-8584-983-4;;;;;;;;330.9;DebatstrategieÎn en -tactieken van politici in televisie(s)t(r)ijd;Boek;;Nederlands;;;auteur;;Vanden Broele;;;;VIII, 134 p.;;;;Verkiezingsdebatten;Coeck;;Lana;
2^1000339;cop. 2008;9780224079402;Verenigde Staten 737.9;;;;;;non-fictie;;Abstract America;Boek;;Engels;;;;;Cape;;;;390 p.;;;;;;;;
2^1000341;cop. 2009;9781426203329;950.6;;;;;;non-fictie;;Visual atlas of the world;Boek;;Engels;;;;;National Geographic Society;;;;416 p.;;;;;;;;
2^1000342;cop. 2008;9783775721271;761.2;;;;;;non-fictie;;Erwin Blumenfeld;Boek;;Engels;;;auteur;;Cantz;;;;223 p.;;;;;Adkins;;Helen;
2^1000343;2009;;;;;;;;;;Something ends here;CD;BelgiÎ;Onbekend;;;;;Top 5;;;;;;;;;;7640116811355;;
2^1000344;cop. 2009;9783775723510;Duitsland 737.8;;;;;;non-fictie;;Br¸cke;Boek;;Engels;;;redacteur;;Cantz;;;;231 p.;;;;;Stoll;;Diana;
2^1000345;2007;;;;;;;;fictie;;Van de koele meren des Doods;DVD-Video;;Nederlands;;;regisseur;;Bridge Pictures;;;Speelfilms;;;;;;Van Brakel;8711983485174;Nouchka;
2^1000346;2009;9789018028442;ItaliÎ 996;;;;;LAITRO;non-fictie;;Rome;Boek;;Nederlands;;;;;ANWB;;;;117 p.;;;;;;;;
2^1000347;2009;;;;;;;;;;Ciao!;CD;Elektronische muziek;Onbekend;;;uitvoerder;;Different;;;;;;;;;Tiga;5413356591026;;
2^1000350;s.a.;;;;;;;;fictie;;Thank you for smoking;DVD-Video;;Engels;;;regisseur;;CinÈart;;;Humoristische films;;;;;;Reitman;5413356119022;Jason;
2^1000351;2009;9789018028510;ItaliÎ 995;;;;;LAITIT;non-fictie;;Golf van Napels, CampaniÎ;Boek;;Nederlands;;;;;ANWB;;;;117 p.;;;;;;;;
2^1000352;2009;9789018028497;Verenigde Staten 995;;;;;LAVSCA;non-fictie;;CaliforniÎ;Boek;;Nederlands;;;;;ANWB;;;;117 p.;;;;;;;;
2^1000353;2009;9789018028435;Zuid-Afrika 993;;;;;LAZUZU;non-fictie;;Zuid-Afrika;Boek;;Nederlands;;;;;ANWB;;;;121 p.;;;;;;;;
2^1000354;2009;;;;;;;;;;(A)spera;CD;Singer-songwriters;Onbekend;;;uitvoerder;;K;;;;;;;;;Mirah;789856119523;;
2^1000355;2009;9789018028503;Canada 995;;;;;LACNCN;non-fictie;;Canada west;Boek;;Nederlands;;;;;ANWB;;;;117 p.;;;;;;;;
2^1000357;cop. 2009;;;;;;;;fictie;;Spoorloos;DVD-Video;;Nederlands;;;regisseur;;A-Film;;;Speelfilms;;Verdwijningen;;;;Sluizer;8716777926949;George;
2^1000361;2009;;;;;;;;;;String quartets;CD;Strijkkwartetten;Onbekend;;;componist;Kwartet voor violen [2], altviool en cello, Hob.III, nr. 35, op. 20, nr. 5 in f kl.;Harmonia mundi;;;;;;;;;Haydn;794881910328;Joseph;
2^1000362;cop. 2007;;;;;;;;fictie;;The constant gardener;DVD-Video;;Engels;;;regisseur;;A-Film;;;Speelfilms;;;;;;Meirelles;8716777059210;Fernando;
2^1000363;2009;;;;;;;;;;Fly girls!;CD;Hiphop;Onbekend;;;;;Soul Jazz;;;;;;;;;;5026328202068;;
2^100037;1988;;244.6;;;;;;;;Damiaan;Dia;;Nederlands;;;;;Wereldmediatheek;;;;;;;;;;;;
2^1000383;2008;;;;;;;;;;Organ works;CD;Orgel;Onbekend;;;componist;;Challenge Classics;;;;;;;;;Buxtehude;608917224825;Dietrich;
2^1000384;cop. 2007;;;;;;;;fictie;;Delicatessen;DVD-Video;;Frans;;;regisseur;;Universal;;;Humoristische films;;;;;;Caro;5050582520736;Marc;
2^1000385;[s.d.]-;;;;;;;;;345.4;Financial stability review ...;Boek;;Nederlands;;;;;National Bank of Belgium;;;;;;;;BelgiÎ ; economie ; 1990-;;
2^1000386;2007;;;;;;;;fictie;;Karakter;DVD-Video;;Nederlands;;;regisseur;;Bridge Pictures;;;Verfilmde boeken;;Vader-zoonrelatie;;;;Van Diem;8711983481244;Mike;
2^1000387;2005;;;;;;;;fictie;;Nowhere in Africa;DVD-Video;;Meertalig;;;regisseur;;A-Film;;;Speelfilms;;Kenia;;;;Link;8716777051481;Caroline;
2^1000388;cop. 2008;9789040085154;907.2;;;;;;non-fictie;;De ideale man;Boek;;Nederlands;;;auteur;;Waanders;;;;160 p.;;;;;Hohe;;Madelief;
2^1000389;2009;9781841622712;IsraÎl 993;;;;;;non-fictie;;Israel;Boek;;Engels;;;auteur;;Bradt;;;;VIII, 288 p., [16] p. pl.;;;;;Wilson;;Samantha;
2^1000390;2009;;;;;;;;;;Battle for the sun;CD;;Onbekend;;;;;Play It Again Sam;;;;;;;;;;5051083043731;;
2^1000391;1990;;;;;;;;;;Pet sounds;CD;;Onbekend;;;;;EMI;;;;;;;;;;77774842129;;
2^1000395;1989;;;;;;;;;;Affection;CD;;Onbekend;;;uitvoerder;;Arista;;;;;;;;;Stansfield;4007192603794;Lisa;
2^1000396;2008;;;;;;;;;;Closer;CD;BelgiÎ;Onbekend;;;;;Siren;;;;;;;;;;5413660845914;;
2^1000397;2004;;;;;;;;;;Distant future;CD;Folk;Onbekend;;;uitvoerder;;Compass;;;;;;;;;Talbot;766397437323;Heidi;
2^1000398;2010;;;;;;;;fictie;;Lost;DVD-Video;;Engels;;;acteur;;Buena Vista Home Entertainment;;;Avonturenfilms;;;;;;Garcia;8717418186074;Jorge;
2^10004;1982;90-6291-111-0;;;;;;;;;Kelders en paleizen;Boek;;Nederlands;;;auteur;;BZZTÙH;;;Verhalen;291 p.;;;;;Bordewijk;;Ferdinand;
2^1000400;2008;;;;;;;;;;Live from nowhere in particular;CD;Blues;Onbekend;;;uitvoerder;;Mascot;;;;;;;;;Bonamassa;8712725724827;Joe;
2^1000402;2009;;;;;;;;;;Ten thousand miles away;CD;Folk;Onbekend;;;uitvoerder;;Fellside;;;;;;;;;Lloyd;5017116021923;A.L.;
2^1000404;2003;;;;;;;;;;Crazy;CD;Country;Onbekend;;;uitvoerder;;Sugar Hill;;;;;;;;;Nelson;15891107325;Willie;
2^1000405;1992;90-02-19168-5;;;;;;;fictie;;Sprong in de ruimte;Boek;;Nederlands;;;auteur;;Standaard;;;;150 p.;;;;;Heylen;;Maria;Rassenverschillen
2^1000407;cop. 2002;90-395-1961-7;525.5;;;;;COSOAZ;non-fictie;;Programmeercursus Microsoft Visual C#.NET;Boek;;Nederlands;;;auteur;;Academic Service;;;;XXVI, 611 p.;;;;;Sharp;;John;
2^1000410;2009;;;;;;;;;;Free Souffriau zingt Ann Christy een beetje Annders;DVD-Video;;Onbekend;;;uitvoerder;;Studio 100;;;;;;;;;Souffriau;5414233905813;Free;
2^1000411;2009;;;;;;;;;;Live in Rio;DVD-Video;Vocale jazz;Onbekend;;;uitvoerder;;Eagle Vision;;;;;;;;;Krall;5034504973978;Diana;
2^1000412;cop. 2008;9789002231933;929;;;;;TWNNJA;non-fictie;;1951;DVD-Video;;Nederlands;;;;;Standaard;;;;;;;;;;;;
2^1000413;cop. 2008;9789002231940;929;;;;;TWNNJA;non-fictie;;1952;DVD-Video;;Nederlands;;;;;Standaard;;;;;;;;;;;;
2^1000414;cop. 2009;9789049950552;;;;;;;fictie;;De lift op piazza Vittorio;Boek;;Nederlands;;;auteur;;Mistral;;;;176 p.;Multiculturele samenleving;;;;Lakhous;;Amara;
2^1000415;2008;9789044612943;;;;;;;fictie;;Donkere dagen;Boek;;Nederlands;;;auteur;;Prometheus;;;Columns;135 p.;Winter;;;;Bril;;Martin;
2^1000416;2009-;;620;;;;;;;;PC Gameplay;DVD-ROM;;Nederlands;;;;;PC Gameplay;;;;;;;;;;;;
2^1000422;cop. 2008;;399.7;;;;;GEOOOO;non-fictie;;Secrets of war;DVD-Video;;Engels;;;;;Just Entertainment;;;;;;;;;;8717344736046;;
2^1000423;s.a.;;;;;;;;fictie;;The Stan Laurel and Oliver Hardy collection;DVD-Video;;Engels;;;acteur;;Lime-Lights pictures;;;Humoristische films;;;;;;Laurel;5412012149311;Stan;
2^1000424;2008;;928.3;;;;;TWWOAO;non-fictie;;Het Ardennenoffensief;DVD-Video;;Engels;;;;;TDM;;;;;;;;;;8717496852328;;
2^1000425;cop. 2009;;619.14;;;;;SSBAVL;non-fictie;;Zidane;DVD-Video;;Frans;;;;;A-Film;;;;;;;;;;8716777926154;;
2^1000426;cop. 2009;9789085107149;573.4;;;;;WTBIEV;non-fictie;;Darwin onder de loep;DVD-Video;;Engels;;;;;House of Knowledge;;;;;;;;;;8715664064269;;
2^1000427;cop. 2001;;928.4;;;;;TWWOOA;non-fictie;;Pearl Harbor;DVD-Video;;Engels;;;;;TDM;;;;;;;;;;8717496851802;;
2^1000429;cop. 2008;;Duitsland 945.3;;;;;TWWODR;non-fictie;;Das Dritte Reich privat;DVD-Video;;Duits;;;;;Just Entertainment;;;;;;;;;;8717344733151;;
2^1000430;2006;9780801892912;;;;;;;;;Breeding Bin LadensBreeding Bin Ladens;Boek;;Engels;;;auteur;;The Johns Hopkins University Press;;;;223 p.;;;;Islam en Europa;Shore;;Zachary;
2^1000438;2009;;;;;;;;;;Complete Crumb edition;CD;;Onbekend;;;componist;Variaties voor orkest, 1959;Bridge;;;;;;;;;Crumb;90404925320;George;
2^1000439;2005;;;;;;;;fictie;;L;DVD-Video;;Frans;;;regisseur;;Lime-Lights pictures;;;Humoristische films;;;;;;Korber;;Serge;
2^1000440;2008;;;;;;;;;;L;CD;;Onbekend;;;componist;;Deutsche Harmonia Mundi;;;;;;;;;Haydn;886973263228;Joseph;
2^1000441;2008;;;;;;;;fictie;;Carambolages;DVD-Video;;Frans;;;regisseur;;Lime-Lights pictures;;;Humoristische films;;;;;;Bluwal;;Marcel;
2^1000443;2008;978-90-548-7512-3;;;;;;;;;De ;Boek;;Nederlands;;;;;VUB Press;;;;290 p.;;;;Criminaliteit ; bestrijding ; BelgiÎ;Hebberecht;
2^1000444;2005;;;;;;;;fictie;;Oscar;DVD-Video;;Frans;;;regisseur;;Lime-Lights pictures;;;Humoristische films;;;;;;Molinaro;;Edouard;
2^1000445;2005;;;;;;;;fictie;;La folie des grandeurs;DVD-Video;;Frans;;;regisseur;;Lime-Lights pictures;;;Humoristische films;;;;;;Oury;;GÈrard;
2^1000446;2008;;;;;;;;fictie;;Taxi, roulotte et corrida;DVD-Video;;Frans;;;regisseur;;Lime-Lights pictures;;;Humoristische films;;;;;;Hunebelle;5412012148680;AndrÈ;
2^1000449;2007;;;;;;;;fictie;;Des pissenlits par la racine;DVD-Video;;Frans;;;regisseur;;Lime-Lights pictures;;;Humoristische films;;;;;;Lautner;;Georges;
2^1000450;2009;9789044124538;;;;;;;;328.6;Laat maar zitten...;Boek;;Nederlands;;;;;Garant;;;;138 p.;;;;Zigeuners;Machiels;;Toon;
2^1000451;2009;9789020982428;ItaliÎ 995;;;;;LAITTC;non-fictie;;100 x Toscane;Boek;;Nederlands;;;auteur;;Lannoo;;;;263 p.;;;;;Takx;;Fabian;
2^1000452;2007;;;;;;;;fictie;;Poisson d;DVD-Video;;Frans;;;regisseur;;Lime-Lights pictures;;;Humoristische films;;;;;;Grangier;5412012145375;Gilles;
2^1000455;2008;;;;;;;;fictie;;Fantomas se dÈchaÓne;DVD-Video;;Frans;;;regisseur;;Lime-Lights pictures;;;Humoristische films;;;;;;Hunebelle;5412012142190;AndrÈ;
2^1000456;2008;9789067345927;;;;;;;;;Geloof ;Boek;;Nederlands;;;auteur;;Forum, Instituut voor Multiculturele Ontwikkeling;;;;122 p.;;;;Moslims ; jongeren ; Nederland;Korf;
2^1000459;2008;9780761454823;China 995;;;;;LACHHK;non-fictie;;Hong Kong;Boek;;Engels;;;auteur;;Marshall Cavendish;;;;292 p., [16] p. pl.;;;;;Wei;;Betty Peh-T;
2^1000460;2009;9781594032400;;;;;;;;;The Persian night;Boek;;Engels;;;auteur;;Encounter Books;;;;410 p.;;;;Iran ; politiek;Taheri;;Amir
2^1000461;cop. 2009;9789020982015;Frankrijk 995;;;;;LAFRAD;non-fictie;;ArdËche;Boek;;Nederlands;;;;;Lannoo;;;;276 p.;;;;;;;;
2^1000462;cop. 2008;9789001767853;512;;;;;;non-fictie;;In je pocket rekenen;Boek;;Nederlands;Wiskunde;;auteur;;Noordhoff;informatief +12 jaar;;;84 p.;;;;;Roelofs;;Roel;
2^1000463;2009;9789045013244;574;;;;;WTBIEV;non-fictie;;De reis van de Beagle;Boek;;Nederlands;;;auteur;;Atlas;;;;493 p.;;9de, herz. dr.;;;Darwin;;Charles;
2^1000465;2008;9780761454748;Groot-BrittanniÎ 993;;;;;;non-fictie;;Great Britain;Boek;;Engels;;;auteur;;Marshall Cavendish;;;;338 p., [16] p. pl.;;;;;Tan;;Terry;
2^1000466;cop. 2008;9789001767860;Nederlands 837.1;;;;;;non-fictie;;In je pocket taal;Boek;;Nederlands;Nederlandse taal ; secundair onderwijs;;auteur;;Noordhoff;informatief +12 jaar;;;84 p.;;;;;Backers;;Richard
2^1000467;2009;9789020982435;Spanje 995;;;;;LASPAN;non-fictie;;100 x AndalusiÎ;Boek;;Nederlands;;;auteur;;Lannoo;;;;244 p.;;;;;De Coninck;;Toni;
2^1000468;2001;9789034328199;;;;;;;fictie;;De lagere pan-technoschool;Strip;;Nederlands;;;scenario van;;Arboris;;;Stripverhalen;48 p.;;;;;Jodorowsky;;Alexandro;
2^1000469;2009?;9782746920613;Congo-Brazzaville 993;;;;;;non-fictie;;Congo-Brazaville;Boek;;Frans;;;;;Nouvelles Editions de l;;;;256 p.;;Ed. 2009-2010;;;;;;
2^1000472;2009;9789002234675;;;Prentenboeken;;;;fictie;;Bordje leeg, buikje vol;Boek;;Nederlands;;;auteur;;Standaard;vanaf 1 jaar;;;[8] p.;;;;;Amant;;Kathleen;Dag en nacht
2^1000474;cop. 2008;9789056620608;719.2;;;;;;non-fictie;;Huizen in transformatie;Boek;;Meertalig;;;;;NAi;;;;224 p.;;;;Stedenbouw ; vernieuwing;;;
2^1000477;2008;9780761455691;Venezuela 993;;;;;;non-fictie;;Venezuela;Boek;;Engels;;;auteur;;Marshall Cavendish;;;;278 p., [16] p. pl.;;;;;Baguley;;Kitt;
2^1000479;2002;9789067936347;;;;;;;fictie;;Global underground;Strip;;Nederlands;;;scenario van;;Dargaud Benelux;;;Stripverhalen;48 p.;;;;;BollÈe;;Philippe;
2^1000480;2001;9789067936118;;;;;;;fictie;;Experiment IV;Strip;;Nederlands;;;scenario van;;Dargaud Benelux;;;Stripverhalen;48 p.;;;;;BollÈe;;Philippe;
2^1000481;2005;9780552552837;;;Chicklit;;;;fictie;;Girls in tears;Boek;;Engels;;;auteur;;Corgi;vanaf 12-13 jaar;;;190 p.;;;;;Wilson;;Jacqueline;Vriendschap
2^1000483;2001;9789067935937;;;;;;;fictie;;De kleuren van het spectrum;Strip;;Nederlands;;;scenario van;;Dargaud Benelux;;;Stripverhalen;48 p.;;;;;BollÈe;;Philippe;
2^1000484;cop. 2008;9789002231957;929;;;;;TWNNJA;non-fictie;;1953;DVD-Video;;Nederlands;;;;;Standaard;;;;;;;;;;;;
2^1000485;2008;978-90-77875-29-2;556;;;;;;non-fictie;;What if ... abrupt and extreme climate change?;Boek;;Engels;;;;;NWO;;;;115 p.;;;;;;;;
2^1000486;cop. 2009;9789058780522;592.4;;;;;;non-fictie;;Moeten apen ook naar de tandarts? en andere vragen aan de verzorgers in de dierentuin;Boek;;Nederlands;Dieren;;auteur;;Cyclone;informatief +8 jaar;;;40 p.;;;;;Duizer;;Piet;
2^1000487;2009;9789058315076;;;;;;;fictie;;Blinde woede;Boek;;Nederlands;;;auteur;;Sirene;;;Detectives;360 p.;Saint Clare, Bernadette (personage);;;;Persons;;Terri;
2^1000489;1998;9789030333128;;;;;;;fictie;;Basiel M;Strip;;Nederlands;;;illustrator;;Casterman;;;Stripverhalen;48 p.;;;;;Corbeyran;;Eric;
2^1000490;2007;;718.4;;;;;ARROSO;non-fictie;;Prijs bouwheer 07;Boek;;Nederlands;;;auteur;;Vlaams Bouwmeester;;;;127 p.;;;;;T;;Pieter;
2^1000491;2008;9789002219924;;;Zoekboeken;;;;fictie;;Waar is Wally?;Boek;;Nederlands;;;auteur;;Standaard;vanaf 5 jaar;;;[22] p.;;;;;Handford;;Martin;
2^1000492;;8716777928073;;;;;;TWWOKJ;;;Hunting nazis;DVD-Video;;Engels;;;;;A-Film Home Entertainment;;;;;;;;;;;;
2^1000493;;8716777928028;;;;;;TWWOWO;;;Attack and capture;DVD-Video;;Engels;;;;;A-Film Home Entertainment;;;;;;;;;;;;
2^1000494;1998;9789030333111;;;;;;;fictie;;Meneer P.;Strip;;Nederlands;;;illustrator;;Casterman;;;Stripverhalen;48 p.;;;;;Corbeyran;;Eric;
2^1000495;2009;;;;;;;;;;Manhay;CD;BelgiÎ;Onbekend;;;uitvoerder;;PIAS;;;;;;;;;Daan;5413356236064;;
2^10005;cop. 1982;90-6262-491-X;354.6;;;;;;;;Zes overhemden voor Waspam;Boek;;Nederlands;;;auteur;;Heureka;;;;120 p.;;;;;Bastogne;;Hans;
2^1000501;2009;9789021666419;;AVI 9;;;;;fictie;;Pippi Langkous;Boek;;Nederlands;;;auteur;Pippi Langkous;Ploegsma;vanaf 9 jaar;;;230 p.;;;;;Lindgren;;Astrid;
2^1000502;2001;9789030380160;;;;;;;fictie;;In het krijt;Strip;;Nederlands;;;scenario van;;Casterman;;;Stripverhalen;56 p.;;;;;Matz;;Luc;
2^1000505;2008;;;;;;;;;;The gamblers;CD;;Onbekend;;;componist;De gokkers, op. 63;Melodia;;;;;;;;;Sjostakovitsj;743216031924;Dmitri;
2^1000507;cop. 2009;9781409502913;;;Prentenboeken;;;;fictie;;Vliegtuig vlieg;Boek;;Nederlands;;;auteur;;Usborne;vanaf 1 jaar;;;[10] p.;;;;;Watt;;Fiona;Vliegtuigen
2^1000509;cop. 2008;9780061563553;785.9;;;;;MUPMWV;non-fictie;;Worlds of sound;Boek;;Engels;;;auteur;;Smithsonian Books;;;;XVIII, 283 p.;;;;;Carlin;;Richard;
2^1000510;2008;;;;;;;;;;Congo 70;CD;Congo-Kinshasa;Onbekend;;;;;Syllart;;;;;;;;;;3700426905442;;